,Unnamed: 0,season,Rk,Squad,MP,W,D,L,GF,GA,GD,Pts,Pts/MP,Attendance,Top Team Scorer,Goalkeeper,Notes,league_name,league_id,xG,xGA,xGD,xGD/90,Last 5
0,,2014-2015,1.0,Barcelona,38.0,30.0,4.0,4.0,110.0,21.0,89.0,94.0,2.47,77632.0,Lionel Messi - 43,Claudio Bravo,→ Champions League via Champions League win,La Liga,12,,,,,
1,,2014-2015,2.0,Real Madrid,38.0,30.0,2.0,6.0,118.0,38.0,80.0,92.0,2.42,73918.0,Cristiano Ronaldo - 48,Iker Casillas,→ Champions League via league finish,La Liga,12,,,,,
2,,2014-2015,3.0,Atlético Madrid,38.0,23.0,9.0,6.0,67.0,29.0,38.0,78.0,2.05,46532.0,Antoine Griezmann - 22,Miguel Ángel Moyá,→ Champions League via league finish,La Liga,12,,,,,
3,,2014-2015,4.0,Valencia,38.0,22.0,11.0,5.0,70.0,32.0,38.0,77.0,2.03,44239.0,Daniel Parejo - 12,Diego Alves,→ Champions League via league finish,La Liga,12,,,,,
4,,2014-2015,5.0,Sevilla,38.0,23.0,7.0,8.0,71.0,45.0,26.0,76.0,2.0,30874.0,Carlos Bacca - 20,Sergio Rico,→ Champions League via Europa League win,La Liga,12,,,,,
5,,2014-2015,6.0,Villarreal,38.0,16.0,12.0,10.0,48.0,37.0,11.0,60.0,1.58,15660.0,Luciano Vietto - 12,Sergio Asenjo,→ Europa League via league finish 1,La Liga,12,,,,,
6,,2014-2015,7.0,Athletic Club,38.0,15.0,10.0,13.0,42.0,41.0,1.0,55.0,1.45,41137.0,Aritz Aduriz - 18,Gorka Iraizoz,→ Europa League via league finish,La Liga,12,,,,,
7,,2014-2015,8.0,Celta Vigo,38.0,13.0,12.0,13.0,47.0,44.0,3.0,51.0,1.34,19063.0,Nolito - 13,Sergio Álvarez,,La Liga,12,,,,,
8,,2014-2015,9.0,Málaga,38.0,14.0,8.0,16.0,42.0,48.0,-6.0,50.0,1.32,22055.0,Juanmi - 8,Carlos Kameni,,La Liga,12,,,,,
9,,2014-2015,10.0,Espanyol,38.0,13.0,10.0,15.0,47.0,51.0,-4.0,49.0,1.29,18817.0,Sergio García - 14,Kiko Casilla,,La Liga,12,,,,,
10,,2014-2015,11.0,Rayo Vallecano,38.0,15.0,4.0,19.0,46.0,68.0,-22.0,49.0,1.29,10636.0,Alberto Bueno - 17,Toño,,La Liga,12,,,,,
11,,2014-2015,12.0,Real Sociedad,38.0,11.0,13.0,14.0,44.0,51.0,-7.0,46.0,1.21,21867.0,Carlos Vela - 9,Gerónimo Rulli,,La Liga,12,,,,,
12,,2014-2015,13.0,Elche,38.0,11.0,8.0,19.0,35.0,62.0,-27.0,41.0,1.08,21688.0,Jonathas - 14,Przemysław Tytoń,Relegated 2,La Liga,12,,,,,
13,,2014-2015,14.0,Levante,38.0,9.0,10.0,19.0,34.0,67.0,-33.0,37.0,0.97,15866.0,David Barral - 11,Diego Mariño,,La Liga,12,,,,,
14,,2014-2015,15.0,Getafe,38.0,10.0,7.0,21.0,33.0,64.0,-31.0,37.0,0.97,7293.0,Álvaro Vázquez - 7,Vicente Guaita,,La Liga,12,,,,,
15,,2014-2015,16.0,La Coruña,38.0,7.0,14.0,17.0,35.0,60.0,-25.0,35.0,0.92,21159.0,Lucas Pérez - 6,Fabricio,,La Liga,12,,,,,
16,,2014-2015,17.0,Granada,38.0,7.0,14.0,17.0,29.0,64.0,-35.0,35.0,0.92,16733.0,Youssef El-Arabi - 8,Roberto,,La Liga,12,,,,,
17,,2014-2015,18.0,Eibar,38.0,9.0,8.0,21.0,34.0,55.0,-21.0,35.0,0.92,21688.0,Mikel Arruabarrena - 9,Xabi Irureta,Retained 3,La Liga,12,,,,,
18,,2014-2015,19.0,Almería,38.0,8.0,8.0,22.0,35.0,64.0,-29.0,29.0,0.76,10486.0,Tomer Hemed - 8,Rubén,"3-point deduction 4, Relegated",La Liga,12,,,,,
19,,2014-2015,20.0,Córdoba,38.0,3.0,11.0,24.0,22.0,68.0,-46.0,20.0,0.53,16322.0,Nabil Ghilas - 7,Juan Carlos,Relegated,La Liga,12,,,,,
0,,2015-2016,1.0,Barcelona,38.0,29.0,4.0,5.0,112.0,29.0,83.0,91.0,2.39,74655.0,Luis Suárez - 40,Claudio Bravo,→ Champions League via league finish,La Liga,12,,,,,
1,,2015-2016,2.0,Real Madrid,38.0,28.0,6.0,4.0,110.0,34.0,76.0,90.0,2.37,71265.0,Cristiano Ronaldo - 35,Keylor Navas,→ Champions League via Champions League win,La Liga,12,,,,,
2,,2015-2016,3.0,Atlético Madrid,38.0,28.0,4.0,6.0,63.0,18.0,45.0,88.0,2.32,46902.0,Antoine Griezmann - 22,Jan Oblak,→ Champions League via league finish,La Liga,12,,,,,
3,,2015-2016,4.0,Villarreal,38.0,18.0,10.0,10.0,44.0,35.0,9.0,64.0,1.68,17660.0,Cédric Bakambu - 12,Alphonse Areola,→ Champions League via league finish,La Liga,12,,,,,
4,,2015-2016,5.0,Athletic Club,38.0,18.0,8.0,12.0,58.0,45.0,13.0,62.0,1.63,41917.0,Aritz Aduriz - 20,Gorka Iraizoz,→ Europa League via league finish,La Liga,12,,,,,
5,,2015-2016,6.0,Celta Vigo,38.0,17.0,9.0,12.0,51.0,59.0,-8.0,60.0,1.58,18382.0,Iago Aspas - 13,Sergio Álvarez,→ Europa League via league finish 1,La Liga,12,,,,,
6,,2015-2016,7.0,Sevilla,38.0,14.0,10.0,14.0,51.0,50.0,1.0,52.0,1.37,33134.0,Kévin Gameiro - 16,Sergio Rico,→ Champions League via Europa League win,La Liga,12,,,,,
7,,2015-2016,8.0,Málaga,38.0,12.0,12.0,14.0,38.0,35.0,3.0,48.0,1.26,21401.0,Charles - 12,Carlos Kameni,,La Liga,12,,,,,
8,,2015-2016,9.0,Real Sociedad,38.0,13.0,9.0,16.0,45.0,48.0,-3.0,48.0,1.26,20603.0,Imanol Agirretxe - 13,Gerónimo Rulli,,La Liga,12,,,,,
9,,2015-2016,10.0,Betis,38.0,11.0,12.0,15.0,34.0,52.0,-18.0,45.0,1.18,37832.0,Rubén Castro - 19,Antonio Adán,,La Liga,12,,,,,
10,,2015-2016,11.0,Las Palmas,38.0,12.0,8.0,18.0,45.0,53.0,-8.0,44.0,1.16,21302.0,Jonathan Viera - 10,Javi Varas,,La Liga,12,,,,,
11,,2015-2016,12.0,Valencia,38.0,11.0,11.0,16.0,46.0,48.0,-2.0,44.0,1.16,37544.0,Paco Alcácer - 13,Jaume Doménech,,La Liga,12,,,,,
12,,2015-2016,13.0,Espanyol,38.0,12.0,7.0,19.0,40.0,74.0,-34.0,43.0,1.13,21595.0,Felipe Caicedo - 8,Pau López,,La Liga,12,,,,,
13,,2015-2016,14.0,Eibar,38.0,11.0,10.0,17.0,49.0,61.0,-12.0,43.0,1.13,5215.0,Borja Bastón - 18,Asier Riesgo,,La Liga,12,,,,,
14,,2015-2016,15.0,La Coruña,38.0,8.0,18.0,12.0,45.0,61.0,-16.0,42.0,1.11,23797.0,Lucas Pérez - 17,Germán Lux,,La Liga,12,,,,,
15,,2015-2016,16.0,Granada,38.0,10.0,9.0,19.0,46.0,69.0,-23.0,39.0,1.03,16400.0,Youssef El-Arabi - 16,Andrés Fernández,,La Liga,12,,,,,
16,,2015-2016,17.0,Sporting Gijón,38.0,10.0,9.0,19.0,40.0,62.0,-22.0,39.0,1.03,23559.0,Antonio Sanabria - 11,Iván Cuéllar,,La Liga,12,,,,,
17,,2015-2016,18.0,Rayo Vallecano,38.0,9.0,11.0,18.0,52.0,73.0,-21.0,38.0,1.0,11665.0,Javi Guerra - 12,Juan Carlos,Relegated,La Liga,12,,,,,
18,,2015-2016,19.0,Getafe,38.0,9.0,9.0,20.0,37.0,67.0,-30.0,36.0,0.95,7498.0,Pablo Sarabia - 7,Vicente Guaita,Relegated,La Liga,12,,,,,
19,,2015-2016,20.0,Levante,38.0,8.0,8.0,22.0,37.0,70.0,-33.0,32.0,0.84,14661.0,Deyverson - 9,Diego Mariño,Relegated,La Liga,12,,,,,
0,,2016-2017,1.0,Real Madrid,38.0,29.0,6.0,3.0,106.0,41.0,65.0,93.0,2.45,71977.0,Cristiano Ronaldo - 25,Keylor Navas,→ Champions League via Champions League win,La Liga,12,,,,,
1,,2016-2017,2.0,Barcelona,38.0,28.0,6.0,4.0,116.0,37.0,79.0,90.0,2.37,78678.0,Lionel Messi - 37,Marc-André ter Stegen,→ Champions League via league finish,La Liga,12,,,,,
2,,2016-2017,3.0,Atlético Madrid,38.0,23.0,9.0,6.0,70.0,27.0,43.0,78.0,2.05,44737.0,Antoine Griezmann - 16,Jan Oblak,→ Champions League via league finish,La Liga,12,,,,,
3,,2016-2017,4.0,Sevilla,38.0,21.0,9.0,8.0,69.0,49.0,20.0,72.0,1.89,32783.0,Wissam Ben Yedder - 11,Sergio Rico,→ Champions League via league finish,La Liga,12,,,,,
4,,2016-2017,5.0,Villarreal,38.0,19.0,10.0,9.0,56.0,33.0,23.0,67.0,1.76,17870.0,Cédric Bakambu - 11,Sergio Asenjo,→ Europa League via league finish,La Liga,12,,,,,
5,,2016-2017,6.0,Real Sociedad,38.0,19.0,7.0,12.0,59.0,53.0,6.0,64.0,1.68,21473.0,Willian José - 12,Gerónimo Rulli,→ Europa League via league finish 1,La Liga,12,,,,,
6,,2016-2017,7.0,Athletic Club,38.0,19.0,6.0,13.0,53.0,43.0,10.0,63.0,1.66,40948.0,Aritz Aduriz - 16,Kepa Arrizabalaga,→ Europa League via league finish,La Liga,12,,,,,
7,,2016-2017,8.0,Espanyol,38.0,15.0,11.0,12.0,49.0,50.0,-1.0,56.0,1.47,20433.0,Gerard Moreno - 13,Diego López,,La Liga,12,,,,,
8,,2016-2017,9.0,Alavés,38.0,14.0,13.0,11.0,41.0,43.0,-2.0,55.0,1.45,18143.0,Deyverson - 7,Fernando Pacheco,,La Liga,12,,,,,
9,,2016-2017,10.0,Eibar,38.0,15.0,9.0,14.0,56.0,51.0,5.0,54.0,1.42,5326.0,Sergi Enrich - 11,Yoel,,La Liga,12,,,,,
10,,2016-2017,11.0,Málaga,38.0,12.0,10.0,16.0,49.0,55.0,-6.0,46.0,1.21,22501.0,Sandro Ramírez - 14,Carlos Kameni,,La Liga,12,,,,,
11,,2016-2017,12.0,Valencia,38.0,13.0,7.0,18.0,56.0,65.0,-9.0,46.0,1.21,33866.0,"Simone Zaza, Santi Mina... - 6",Diego Alves,,La Liga,12,,,,,
12,,2016-2017,13.0,Celta Vigo,38.0,13.0,6.0,19.0,53.0,69.0,-16.0,45.0,1.18,17028.0,Iago Aspas - 19,Sergio Álvarez,,La Liga,12,,,,,
13,,2016-2017,14.0,Las Palmas,38.0,10.0,9.0,19.0,53.0,74.0,-21.0,39.0,1.03,20458.0,Kevin-Prince Boateng - 10,Javi Varas,,La Liga,12,,,,,
14,,2016-2017,15.0,Betis,38.0,10.0,9.0,19.0,41.0,64.0,-23.0,39.0,1.03,33492.0,Rubén Castro - 13,Antonio Adán,,La Liga,12,,,,,
15,,2016-2017,16.0,La Coruña,38.0,8.0,12.0,18.0,43.0,61.0,-18.0,36.0,0.95,22521.0,Florin Andone - 12,Germán Lux,,La Liga,12,,,,,
16,,2016-2017,17.0,Leganés,38.0,8.0,11.0,19.0,36.0,55.0,-19.0,35.0,0.92,10182.0,Alexander - 8,Iago Herrerín,,La Liga,12,,,,,
17,,2016-2017,18.0,Sporting Gijón,38.0,7.0,10.0,21.0,42.0,72.0,-30.0,31.0,0.82,23069.0,Duje Čop - 9,Iván Cuéllar,Relegated,La Liga,12,,,,,
18,,2016-2017,19.0,Osasuna,38.0,4.0,10.0,24.0,40.0,94.0,-54.0,22.0,0.58,14770.0,Sergio León - 10,Salvatore Sirigu,Relegated,La Liga,12,,,,,
19,,2016-2017,20.0,Granada,38.0,4.0,8.0,26.0,30.0,82.0,-52.0,20.0,0.53,14890.0,"Andreas Pereira, Artem Kravets... - 5",Guillermo Ochoa,Relegated,La Liga,12,,,,,
0,,2017-2018,1.0,Barcelona,38.0,28.0,9.0,1.0,99.0,29.0,70.0,93.0,2.45,67142.0,Lionel Messi - 34,Marc-André ter Stegen,→ Champions League via league finish,La Liga,12,83.5,41.9,41.6,1.09,
1,,2017-2018,2.0,Atlético Madrid,38.0,23.0,10.0,5.0,58.0,22.0,36.0,79.0,2.08,52707.0,Antoine Griezmann - 19,Jan Oblak,→ Champions League via Europa League win,La Liga,12,50.2,35.8,14.4,0.38,
2,,2017-2018,3.0,Real Madrid,38.0,22.0,10.0,6.0,94.0,44.0,50.0,76.0,2.0,66863.0,Cristiano Ronaldo - 26,Keylor Navas,→ Champions League via Champions League win,La Liga,12,85.4,43.2,42.2,1.11,
3,,2017-2018,4.0,Valencia,38.0,22.0,7.0,9.0,65.0,38.0,27.0,73.0,1.92,38607.0,Rodrigo - 16,Neto,→ Champions League via league finish,La Liga,12,56.0,48.3,7.7,0.2,
4,,2017-2018,5.0,Villarreal,38.0,18.0,7.0,13.0,57.0,50.0,7.0,61.0,1.61,16779.0,Carlos Bacca - 15,Sergio Asenjo,→ Europa League via league finish,La Liga,12,53.3,53.4,-0.1,0.0,
5,,2017-2018,6.0,Betis,38.0,18.0,6.0,14.0,60.0,61.0,-1.0,60.0,1.58,46781.0,Sergio León - 11,Antonio Adán,→ Europa League via league finish 1,La Liga,12,46.0,49.0,-3.1,-0.08,
6,,2017-2018,7.0,Sevilla,38.0,17.0,7.0,14.0,49.0,58.0,-9.0,58.0,1.53,33006.0,Wissam Ben Yedder - 9,Sergio Rico,→ Europa League via league finish,La Liga,12,59.5,54.4,5.2,0.14,
7,,2017-2018,8.0,Getafe,38.0,15.0,10.0,13.0,42.0,33.0,9.0,55.0,1.45,10428.0,Ángel Rodríguez - 13,Vicente Guaita,,La Liga,12,48.2,39.7,8.5,0.22,
8,,2017-2018,9.0,Eibar,38.0,14.0,9.0,15.0,44.0,50.0,-6.0,51.0,1.34,5338.0,"Charles, Kiké - 8",Marko Dmitrović,,La Liga,12,40.9,44.4,-3.5,-0.09,
9,,2017-2018,10.0,Girona,38.0,14.0,9.0,15.0,50.0,59.0,-9.0,51.0,1.34,10424.0,Cristhian Stuani - 21,Yassine Bounou,,La Liga,12,50.6,50.4,0.2,0.01,
10,,2017-2018,11.0,Espanyol,38.0,12.0,13.0,13.0,36.0,42.0,-6.0,49.0,1.29,17882.0,Gerard Moreno - 16,Pau López,,La Liga,12,41.1,52.3,-11.1,-0.29,
11,,2017-2018,12.0,Real Sociedad,38.0,14.0,7.0,17.0,66.0,59.0,7.0,49.0,1.29,19793.0,Willian José - 15,Gerónimo Rulli,,La Liga,12,53.7,50.5,3.1,0.08,
12,,2017-2018,13.0,Celta Vigo,38.0,13.0,10.0,15.0,59.0,60.0,-1.0,49.0,1.29,16195.0,Iago Aspas - 22,Rubén Blanco,,La Liga,12,55.0,55.3,-0.3,-0.01,
13,,2017-2018,14.0,Alavés,38.0,15.0,2.0,21.0,40.0,50.0,-10.0,47.0,1.24,18845.0,Munir El Haddadi - 10,Fernando Pacheco,,La Liga,12,38.5,55.9,-17.4,-0.46,
14,,2017-2018,15.0,Levante,38.0,11.0,13.0,14.0,44.0,58.0,-14.0,46.0,1.21,18534.0,José Luis Morales - 10,Oier Olazábal,,La Liga,12,44.7,63.6,-18.8,-0.5,
15,,2017-2018,16.0,Athletic Club,38.0,10.0,13.0,15.0,41.0,49.0,-8.0,43.0,1.13,37246.0,Raúl García - 10,Kepa Arrizabalaga,,La Liga,12,49.7,50.3,-0.6,-0.02,
16,,2017-2018,17.0,Leganés,38.0,12.0,7.0,19.0,34.0,51.0,-17.0,43.0,1.13,9969.0,Gabriel - 5,Iván Cuéllar,,La Liga,12,39.9,47.6,-7.6,-0.2,
17,,2017-2018,18.0,La Coruña,38.0,6.0,11.0,21.0,38.0,76.0,-38.0,29.0,0.76,20542.0,Adrián López - 9,Rubén,Relegated,La Liga,12,51.6,58.7,-7.1,-0.19,
18,,2017-2018,19.0,Las Palmas,38.0,5.0,7.0,26.0,24.0,74.0,-50.0,22.0,0.58,16183.0,Jonathan Calleri - 9,Leandro Chichizola,Relegated,La Liga,12,38.5,70.5,-32.0,-0.84,
19,,2017-2018,20.0,Málaga,38.0,5.0,5.0,28.0,24.0,61.0,-37.0,20.0,0.53,20333.0,Diego Rolán - 5,Roberto,Relegated,La Liga,12,38.4,59.4,-21.0,-0.55,
0,,2018-2019,1.0,Barcelona,38.0,26.0,9.0,3.0,90.0,36.0,54.0,87.0,2.29,76104.0,Lionel Messi - 36,Marc-André ter Stegen,→ Champions League via league finish,La Liga,12,75.8,45.3,30.5,0.8,
1,,2018-2019,2.0,Atlético Madrid,38.0,22.0,10.0,6.0,55.0,29.0,26.0,76.0,2.0,56216.0,Antoine Griezmann - 15,Jan Oblak,→ Champions League via league finish,La Liga,12,47.3,41.9,5.4,0.14,
2,,2018-2019,3.0,Real Madrid,38.0,21.0,5.0,12.0,63.0,46.0,17.0,68.0,1.79,61040.0,Karim Benzema - 21,Thibaut Courtois,→ Champions League via league finish,La Liga,12,66.7,47.1,19.6,0.52,
3,,2018-2019,4.0,Valencia,38.0,15.0,16.0,7.0,51.0,35.0,16.0,61.0,1.61,39504.0,Daniel Parejo - 9,Neto,→ Champions League via league finish,La Liga,12,60.7,42.9,17.8,0.47,
4,,2018-2019,5.0,Getafe,38.0,15.0,14.0,9.0,48.0,35.0,13.0,59.0,1.55,11000.0,"Jorge Molina, Jaime Mata - 14",David Soria,→ Europa League via league finish,La Liga,12,46.2,43.6,2.6,0.07,
5,,2018-2019,6.0,Sevilla,38.0,17.0,8.0,13.0,62.0,47.0,15.0,59.0,1.55,35993.0,Wissam Ben Yedder - 18,Tomáš Vaclík,→ Europa League via league finish 1,La Liga,12,66.6,45.4,21.3,0.56,
6,,2018-2019,7.0,Espanyol,38.0,14.0,11.0,13.0,48.0,50.0,-2.0,53.0,1.39,19388.0,Borja Iglesias - 17,Diego López,→ Europa League via league finish,La Liga,12,48.9,53.8,-4.9,-0.13,
7,,2018-2019,8.0,Athletic Club,38.0,13.0,14.0,11.0,41.0,45.0,-4.0,53.0,1.39,40664.0,Iñaki Williams - 13,Iago Herrerín,,La Liga,12,43.4,45.7,-2.3,-0.06,
8,,2018-2019,9.0,Real Sociedad,38.0,13.0,11.0,14.0,45.0,46.0,-1.0,50.0,1.32,22310.0,Mikel Oyarzabal - 13,Gerónimo Rulli,,La Liga,12,49.7,48.6,1.1,0.03,
9,,2018-2019,10.0,Betis,38.0,14.0,8.0,16.0,44.0,52.0,-8.0,50.0,1.32,44525.0,Giovani Lo Celso - 9,Pau López,,La Liga,12,47.1,49.4,-2.4,-0.06,
10,,2018-2019,11.0,Alavés,38.0,13.0,11.0,14.0,39.0,50.0,-11.0,50.0,1.32,17295.0,Jonathan Calleri - 9,Fernando Pacheco,,La Liga,12,41.1,53.2,-12.1,-0.32,
11,,2018-2019,12.0,Eibar,38.0,11.0,14.0,13.0,46.0,50.0,-4.0,47.0,1.24,4896.0,Charles - 14,Marko Dmitrović,,La Liga,12,54.8,45.9,9.0,0.24,
12,,2018-2019,13.0,Leganés,38.0,11.0,12.0,15.0,37.0,43.0,-6.0,45.0,1.18,10416.0,Youssef En-Nesyri - 9,Iván Cuéllar,,La Liga,12,40.6,41.2,-0.6,-0.02,
13,,2018-2019,14.0,Villarreal,38.0,10.0,14.0,14.0,49.0,52.0,-3.0,44.0,1.16,16732.0,Karl Toko Ekambi - 10,Sergio Asenjo,,La Liga,12,53.9,55.0,-1.1,-0.03,
14,,2018-2019,15.0,Levante,38.0,11.0,11.0,16.0,59.0,66.0,-7.0,44.0,1.16,20216.0,Roger Martí - 13,Oier Olazábal,,La Liga,12,53.9,76.2,-22.3,-0.59,
15,,2018-2019,16.0,Valladolid,38.0,10.0,11.0,17.0,32.0,51.0,-19.0,41.0,1.08,18992.0,Enes Ünal - 6,Jordi Masip,,La Liga,12,41.1,58.5,-17.5,-0.46,
16,,2018-2019,17.0,Celta Vigo,38.0,10.0,11.0,17.0,53.0,62.0,-9.0,41.0,1.08,17603.0,Iago Aspas - 20,Rubén Blanco,,La Liga,12,46.5,60.9,-14.4,-0.38,
17,,2018-2019,18.0,Girona,38.0,9.0,10.0,19.0,37.0,53.0,-16.0,37.0,0.97,10948.0,Cristhian Stuani - 19,Yassine Bounou,Relegated,La Liga,12,43.5,52.7,-9.2,-0.24,
18,,2018-2019,19.0,Huesca,38.0,7.0,12.0,19.0,43.0,65.0,-22.0,33.0,0.87,6605.0,Ezequiel Ávila - 10,Roberto Santamaría,Relegated,La Liga,12,50.8,60.2,-9.4,-0.25,
19,,2018-2019,20.0,Rayo Vallecano,38.0,8.0,8.0,22.0,41.0,70.0,-29.0,32.0,0.84,11928.0,Raúl de Tomás - 14,Stole Dimitrievski,Relegated,La Liga,12,48.7,60.0,-11.3,-0.3,
0,,2019-2020,1.0,Real Madrid,38.0,26.0,9.0,3.0,70.0,25.0,45.0,87.0,2.29,45833.0,Karim Benzema - 21,Thibaut Courtois,→ Champions League via league finish,La Liga,12,67.9,33.3,34.6,0.91,
1,,2019-2020,2.0,Barcelona,38.0,25.0,7.0,6.0,86.0,38.0,48.0,82.0,2.16,54223.0,Lionel Messi - 25,Marc-André ter Stegen,→ Champions League via league finish,La Liga,12,66.3,38.3,28.0,0.74,
2,,2019-2020,3.0,Atlético Madrid,38.0,18.0,16.0,4.0,51.0,27.0,24.0,70.0,1.84,42236.0,Álvaro Morata - 12,Jan Oblak,→ Champions League via league finish,La Liga,12,56.8,32.5,24.4,0.64,
3,,2019-2020,4.0,Sevilla,38.0,19.0,13.0,6.0,54.0,34.0,20.0,70.0,1.84,25016.0,Lucas Ocampos - 14,Tomáš Vaclík,→ Champions League via league finish,La Liga,12,53.2,36.1,17.1,0.45,
4,,2019-2020,5.0,Villarreal,38.0,18.0,6.0,14.0,63.0,49.0,14.0,60.0,1.58,11321.0,Gerard Moreno - 18,Sergio Asenjo,→ Europa League via league finish 1,La Liga,12,63.6,46.3,17.3,0.45,
5,,2019-2020,6.0,Real Sociedad,38.0,16.0,8.0,14.0,56.0,48.0,8.0,56.0,1.47,21204.0,Willian José - 11,Álex Remiro,→ Europa League via league finish,La Liga,12,48.9,43.0,5.8,0.15,
6,,2019-2020,7.0,Granada,38.0,16.0,8.0,14.0,52.0,45.0,7.0,56.0,1.47,11174.0,Carlos Fernández - 10,Rui Silva,→ Europa League via league finish,La Liga,12,44.9,42.6,2.3,0.06,
7,,2019-2020,8.0,Getafe,38.0,14.0,12.0,12.0,43.0,37.0,6.0,54.0,1.42,8000.0,Jaime Mata - 11,David Soria,,La Liga,12,41.6,41.4,0.2,0.0,
8,,2019-2020,9.0,Valencia,38.0,14.0,11.0,13.0,46.0,53.0,-7.0,53.0,1.39,29658.0,Maxi Gómez - 10,Jasper Cillessen,,La Liga,12,43.3,56.0,-12.7,-0.33,
9,,2019-2020,10.0,Osasuna,38.0,13.0,13.0,12.0,46.0,54.0,-8.0,52.0,1.37,11453.0,Ezequiel Ávila - 9,Sergio Herrera,,La Liga,12,49.4,49.4,0.1,0.0,
10,,2019-2020,11.0,Athletic Club,38.0,13.0,12.0,13.0,41.0,38.0,3.0,51.0,1.34,28039.0,Raúl García - 15,Unai Simón,,La Liga,12,41.5,48.8,-7.3,-0.19,
11,,2019-2020,12.0,Levante,38.0,14.0,7.0,17.0,47.0,53.0,-6.0,49.0,1.29,13196.0,Roger Martí - 11,Aitor Fernández,,La Liga,12,48.1,62.9,-14.8,-0.39,
12,,2019-2020,13.0,Valladolid,38.0,9.0,15.0,14.0,32.0,43.0,-11.0,42.0,1.11,13580.0,Sergi Guardiola - 8,Jordi Masip,,La Liga,12,36.6,54.5,-18.0,-0.47,
13,,2019-2020,14.0,Eibar,38.0,11.0,9.0,18.0,39.0,56.0,-17.0,42.0,1.11,4151.0,Fabián Orellana - 8,Marko Dmitrović,,La Liga,12,42.0,53.0,-11.0,-0.29,
14,,2019-2020,15.0,Betis,38.0,10.0,11.0,17.0,48.0,60.0,-12.0,41.0,1.08,35969.0,Loren Morón - 10,Joel Robles,,La Liga,12,51.0,54.8,-3.7,-0.1,
15,,2019-2020,16.0,Alavés,38.0,10.0,9.0,19.0,34.0,59.0,-25.0,39.0,1.03,12177.0,"Joselu, Lucas Pérez - 11",Fernando Pacheco,,La Liga,12,39.3,57.8,-18.5,-0.49,
16,,2019-2020,17.0,Celta Vigo,38.0,7.0,16.0,15.0,37.0,49.0,-12.0,37.0,0.97,11995.0,Iago Aspas - 14,Rubén Blanco,,La Liga,12,39.2,45.3,-6.1,-0.16,
17,,2019-2020,18.0,Leganés,38.0,8.0,12.0,18.0,30.0,51.0,-21.0,36.0,0.95,7539.0,Óscar Rodríguez Arnaiz - 9,Iván Cuéllar,Relegated,La Liga,12,39.9,42.8,-2.9,-0.08,
18,,2019-2020,19.0,Mallorca,38.0,9.0,6.0,23.0,40.0,65.0,-25.0,33.0,0.87,10877.0,Ante Budimir - 13,Manolo Reina,Relegated,La Liga,12,41.1,63.5,-22.4,-0.59,
19,,2019-2020,20.0,Espanyol,38.0,5.0,10.0,23.0,27.0,58.0,-31.0,25.0,0.66,16260.0,"Raúl de Tomás, David López... - 4",Diego López,Relegated,La Liga,12,38.6,51.0,-12.4,-0.33,
0,,2020-2021,1.0,Atlético Madrid,38.0,26.0,8.0,4.0,67.0,25.0,42.0,86.0,2.26,,Luis Suárez - 21,Jan Oblak,→ Champions League via league finish,La Liga,12,52.8,37.1,15.7,0.41,
1,,2020-2021,2.0,Real Madrid,38.0,25.0,9.0,4.0,67.0,28.0,39.0,84.0,2.21,,Karim Benzema - 23,Thibaut Courtois,→ Champions League via league finish,La Liga,12,61.5,37.6,23.9,0.63,
2,,2020-2021,3.0,Barcelona,38.0,24.0,7.0,7.0,85.0,38.0,47.0,79.0,2.08,,Lionel Messi - 30,Marc-André ter Stegen,→ Champions League via league finish,La Liga,12,73.5,40.8,32.7,0.86,
3,,2020-2021,4.0,Sevilla,38.0,24.0,5.0,9.0,53.0,33.0,20.0,77.0,2.03,,Youssef En-Nesyri - 18,Yassine Bounou,→ Champions League via league finish,La Liga,12,54.4,34.8,19.6,0.52,
4,,2020-2021,5.0,Real Sociedad,38.0,17.0,11.0,10.0,59.0,38.0,21.0,62.0,1.63,,Alexander Isak - 17,Álex Remiro,→ Europa League via league finish,La Liga,12,60.7,39.2,21.5,0.57,
5,,2020-2021,6.0,Betis,38.0,17.0,10.0,11.0,50.0,50.0,0.0,61.0,1.61,,Borja Iglesias - 11,Claudio Bravo,→ Europa League via league finish 1,La Liga,12,49.1,46.8,2.2,0.06,
6,,2020-2021,7.0,Villarreal,38.0,15.0,13.0,10.0,60.0,44.0,16.0,58.0,1.53,253.0,Gerard Moreno - 23,Sergio Asenjo,,La Liga,12,56.4,42.5,13.9,0.37,
7,,2020-2021,8.0,Celta Vigo,38.0,14.0,11.0,13.0,55.0,57.0,-2.0,53.0,1.39,91.0,Iago Aspas - 14,Iván Villar,,La Liga,12,50.4,51.0,-0.6,-0.02,
8,,2020-2021,9.0,Granada,38.0,13.0,7.0,18.0,47.0,65.0,-18.0,46.0,1.21,,Roberto Soldado - 9,Rui Silva,,La Liga,12,41.1,56.2,-15.0,-0.4,
9,,2020-2021,10.0,Athletic Club,38.0,11.0,13.0,14.0,46.0,42.0,4.0,46.0,1.21,,Álex Berenguer - 8,Unai Simón,,La Liga,12,43.1,37.7,5.4,0.14,
10,,2020-2021,11.0,Osasuna,38.0,11.0,11.0,16.0,37.0,48.0,-11.0,44.0,1.16,,Ante Budimir - 11,Sergio Herrera,,La Liga,12,38.7,47.8,-9.0,-0.24,
11,,2020-2021,12.0,Cádiz,38.0,11.0,11.0,16.0,36.0,58.0,-22.0,44.0,1.16,,Álvaro Negredo - 8,Jeremías Ledesma,,La Liga,12,34.7,55.4,-20.7,-0.54,
12,,2020-2021,13.0,Valencia,38.0,10.0,13.0,15.0,50.0,53.0,-3.0,43.0,1.13,142.0,Carlos Soler - 11,Jaume Doménech,,La Liga,12,42.6,52.2,-9.6,-0.25,
13,,2020-2021,14.0,Levante,38.0,9.0,14.0,15.0,46.0,57.0,-11.0,41.0,1.08,,José Luis Morales - 13,Aitor Fernández,,La Liga,12,40.4,53.4,-13.0,-0.34,
14,,2020-2021,15.0,Getafe,38.0,9.0,11.0,18.0,28.0,43.0,-15.0,38.0,1.0,,"Ángel Rodríguez, Jaime Mata - 5",David Soria,,La Liga,12,34.4,40.3,-5.9,-0.16,
15,,2020-2021,16.0,Alavés,38.0,9.0,11.0,18.0,36.0,57.0,-21.0,38.0,1.0,,Joselu - 11,Fernando Pacheco,,La Liga,12,42.6,49.9,-7.3,-0.19,
16,,2020-2021,17.0,Elche,38.0,8.0,12.0,18.0,34.0,55.0,-21.0,36.0,0.95,185.0,Lucas Boyé - 7,Édgar Badía,,La Liga,12,29.9,60.9,-31.0,-0.82,
17,,2020-2021,18.0,Huesca,38.0,7.0,13.0,18.0,34.0,53.0,-19.0,34.0,0.89,,Rafa Mir - 13,Álvaro Fernández,Relegated,La Liga,12,38.9,48.4,-9.5,-0.25,
18,,2020-2021,19.0,Valladolid,38.0,5.0,16.0,17.0,34.0,57.0,-23.0,31.0,0.82,,"Fabián Orellana, Shon Weissman - 6",Jordi Masip,Relegated,La Liga,12,40.1,52.9,-12.8,-0.34,
19,,2020-2021,20.0,Eibar,38.0,6.0,12.0,20.0,29.0,52.0,-23.0,30.0,0.79,,Kiké - 12,Marko Dmitrović,Relegated,La Liga,12,45.2,45.7,-0.5,-0.01,
0,,2021-2022,1.0,Real Madrid,38.0,26.0,8.0,4.0,80.0,31.0,49.0,86.0,2.26,41235.0,Karim Benzema - 27,Thibaut Courtois,→ Champions League via league finish,La Liga,12,71.7,43.9,27.8,0.73,
1,,2021-2022,2.0,Barcelona,38.0,21.0,10.0,7.0,68.0,38.0,30.0,73.0,1.92,53982.0,Memphis - 12,Marc-André ter Stegen,→ Champions League via league finish,La Liga,12,63.4,34.4,29.0,0.76,
2,,2021-2022,3.0,Atlético Madrid,38.0,21.0,8.0,9.0,65.0,43.0,22.0,71.0,1.87,48039.0,Ángel Correa - 12,Jan Oblak,→ Champions League via league finish,La Liga,12,54.4,33.4,21.1,0.56,
3,,2021-2022,4.0,Sevilla,38.0,18.0,16.0,4.0,53.0,30.0,23.0,70.0,1.84,29756.0,Rafa Mir - 10,Yassine Bounou,→ Champions League via league finish,La Liga,12,42.4,36.9,5.4,0.14,
4,,2021-2022,5.0,Betis,38.0,19.0,8.0,11.0,62.0,40.0,22.0,65.0,1.71,41749.0,Juanmi - 16,Rui Silva,→ Europa League via cup win,La Liga,12,53.5,43.4,10.1,0.27,
5,,2021-2022,6.0,Real Sociedad,38.0,17.0,11.0,10.0,40.0,37.0,3.0,62.0,1.63,26813.0,Mikel Oyarzabal - 9,Álex Remiro,→ Europa League via league finish,La Liga,12,51.5,38.7,12.8,0.34,
6,,2021-2022,7.0,Villarreal,38.0,16.0,11.0,11.0,63.0,37.0,26.0,59.0,1.55,14293.0,Arnaut Danjuma - 10,Gerónimo Rulli,→ Europa Conference League via league finish,La Liga,12,64.2,44.8,19.4,0.51,
7,,2021-2022,8.0,Athletic Club,38.0,14.0,13.0,11.0,43.0,36.0,7.0,55.0,1.45,32949.0,Iñaki Williams - 8,Unai Simón,,La Liga,12,49.6,38.4,11.3,0.3,
8,,2021-2022,9.0,Valencia,38.0,11.0,15.0,12.0,48.0,53.0,-5.0,48.0,1.26,27349.0,"Gonçalo Guedes, Carlos Soler - 11",Giorgi Mamardashvili,,La Liga,12,39.0,47.7,-8.7,-0.23,
9,,2021-2022,10.0,Osasuna,38.0,12.0,11.0,15.0,37.0,51.0,-14.0,47.0,1.24,17107.0,Ante Budimir - 8,Sergio Herrera,,La Liga,12,36.7,46.3,-9.6,-0.25,
10,,2021-2022,11.0,Celta Vigo,38.0,12.0,10.0,16.0,43.0,43.0,0.0,46.0,1.21,10014.0,Iago Aspas - 18,Matías Dituro,,La Liga,12,43.1,45.7,-2.6,-0.07,
11,,2021-2022,12.0,Rayo Vallecano,38.0,11.0,9.0,18.0,39.0,50.0,-11.0,42.0,1.11,7866.0,Sergi Guardiola - 8,Stole Dimitrievski,,La Liga,12,42.8,48.4,-5.6,-0.15,
12,,2021-2022,13.0,Elche,38.0,11.0,9.0,18.0,40.0,52.0,-12.0,42.0,1.11,15640.0,Pere Milla - 8,Édgar Badía,,La Liga,12,33.7,59.1,-25.4,-0.67,
13,,2021-2022,14.0,Espanyol,38.0,10.0,12.0,16.0,40.0,53.0,-13.0,42.0,1.11,17362.0,Raúl de Tomás - 17,Diego López,,La Liga,12,36.7,51.2,-14.5,-0.38,
14,,2021-2022,15.0,Getafe,38.0,8.0,15.0,15.0,33.0,41.0,-8.0,39.0,1.03,8702.0,Enes Ünal - 16,David Soria,,La Liga,12,29.3,38.6,-9.3,-0.25,
15,,2021-2022,16.0,Mallorca,38.0,10.0,9.0,19.0,36.0,63.0,-27.0,39.0,1.03,12712.0,"Vedat Muriqi, Salva Sevilla - 5",Manolo Reina,,La Liga,12,38.8,49.3,-10.5,-0.28,
16,,2021-2022,17.0,Cádiz,38.0,8.0,15.0,15.0,35.0,51.0,-16.0,39.0,1.03,14055.0,"Anthony Lozano, Álvaro Negredo - 7",Jeremías Ledesma,,La Liga,12,39.5,48.3,-8.7,-0.23,
17,,2021-2022,18.0,Granada,38.0,8.0,14.0,16.0,44.0,61.0,-17.0,38.0,1.0,13710.0,Jorge Molina - 10,Luís Maximiano,Relegated,La Liga,12,39.0,61.2,-22.2,-0.59,
18,,2021-2022,19.0,Levante,38.0,8.0,11.0,19.0,51.0,76.0,-25.0,35.0,0.92,14961.0,José Luis Morales - 13,Cárdenas,Relegated,La Liga,12,55.1,55.0,0.1,0.0,
19,,2021-2022,20.0,Alavés,38.0,8.0,7.0,23.0,31.0,65.0,-34.0,31.0,0.82,10952.0,Joselu - 14,Fernando Pacheco,Relegated,La Liga,12,37.3,57.0,-19.7,-0.52,
0,,2022-2023,1.0,Barcelona,38.0,28.0,4.0,6.0,70.0,20.0,50.0,88.0,2.32,83498.0,Robert Lewandowski - 23,Marc-André ter Stegen,→ Champions League via league finish,La Liga,12,75.5,33.2,42.3,1.11,
1,,2022-2023,2.0,Real Madrid,38.0,24.0,6.0,8.0,75.0,36.0,39.0,78.0,2.05,56649.0,Karim Benzema - 19,Thibaut Courtois,→ Champions League via league finish,La Liga,12,75.5,38.9,36.6,0.96,
2,,2022-2023,3.0,Atlético Madrid,38.0,23.0,8.0,7.0,70.0,33.0,37.0,77.0,2.03,55800.0,Antoine Griezmann - 15,Jan Oblak,→ Champions League via league finish,La Liga,12,61.9,41.1,20.8,0.55,
3,,2022-2023,4.0,Real Sociedad,38.0,21.0,8.0,9.0,51.0,35.0,16.0,71.0,1.87,32189.0,Alexander Sørloth - 12,Álex Remiro,→ Champions League via league finish,La Liga,12,52.9,33.0,19.8,0.52,
4,,2022-2023,5.0,Villarreal,38.0,19.0,7.0,12.0,59.0,40.0,19.0,64.0,1.68,16406.0,Nicolas Jackson - 12,Pepe Reina,→ Europa League via league finish,La Liga,12,61.6,49.9,11.8,0.31,
5,,2022-2023,6.0,Betis,38.0,17.0,9.0,12.0,46.0,41.0,5.0,60.0,1.58,49635.0,Borja Iglesias - 15,Rui Silva,→ Europa League via league finish,La Liga,12,51.3,50.0,1.3,0.03,
6,,2022-2023,7.0,Osasuna,38.0,15.0,8.0,15.0,37.0,42.0,-5.0,53.0,1.39,19655.0,"Ante Budimir, Ezequiel Ávila - 8",Aitor Fernández,→ Europa Conference League via league finish,La Liga,12,39.8,45.7,-5.9,-0.15,
7,,2022-2023,8.0,Athletic Club,38.0,14.0,9.0,15.0,47.0,43.0,4.0,51.0,1.34,43488.0,"Iñaki Williams, Oihan Sancet - 10",Unai Simón,,La Liga,12,54.2,36.9,17.3,0.46,
8,,2022-2023,9.0,Mallorca,38.0,14.0,8.0,16.0,37.0,43.0,-6.0,50.0,1.32,14799.0,Vedat Muriqi - 15,Predrag Rajković,,La Liga,12,35.2,46.4,-11.2,-0.3,
9,,2022-2023,10.0,Girona,38.0,13.0,10.0,15.0,58.0,55.0,3.0,49.0,1.29,11471.0,Valentín Castellanos - 13,Paulo Gazzaniga,,La Liga,12,50.6,54.9,-4.3,-0.11,
10,,2022-2023,11.0,Rayo Vallecano,38.0,13.0,10.0,15.0,45.0,53.0,-8.0,49.0,1.29,12525.0,Isaac Palazón Camacho - 9,Stole Dimitrievski,,La Liga,12,43.9,50.3,-6.4,-0.17,
11,,2022-2023,12.0,Sevilla,38.0,13.0,10.0,15.0,47.0,54.0,-7.0,49.0,1.29,35566.0,Youssef En-Nesyri - 8,Yassine Bounou,,La Liga,12,46.3,54.2,-7.9,-0.21,
12,,2022-2023,13.0,Celta Vigo,38.0,11.0,10.0,17.0,43.0,53.0,-10.0,43.0,1.13,14425.0,Iago Aspas - 12,"Agustín Marchesín, Iván Villar",,La Liga,12,42.6,45.4,-2.8,-0.07,
13,,2022-2023,14.0,Cádiz,38.0,10.0,12.0,16.0,30.0,53.0,-23.0,42.0,1.11,17741.0,"Theo Bongonda, Gonzalo Escalante - 4",Jeremías Ledesma,,La Liga,12,41.5,61.6,-20.1,-0.53,
14,,2022-2023,15.0,Getafe,38.0,10.0,12.0,16.0,34.0,45.0,-11.0,42.0,1.11,11592.0,Enes Ünal - 14,David Soria,,La Liga,12,36.7,46.0,-9.4,-0.25,
15,,2022-2023,16.0,Valencia,38.0,11.0,9.0,18.0,42.0,45.0,-3.0,42.0,1.11,40602.0,"Samuel Lino, Justin Kluivert - 6",Giorgi Mamardashvili,,La Liga,12,49.3,43.5,5.8,0.15,
16,,2022-2023,17.0,Almería,38.0,11.0,8.0,19.0,49.0,65.0,-16.0,41.0,1.08,12961.0,El Bilal Touré - 7,Fernando,,La Liga,12,45.5,62.5,-17.0,-0.45,
17,,2022-2023,18.0,Valladolid,38.0,11.0,7.0,20.0,33.0,63.0,-30.0,40.0,1.05,20943.0,Cyle Larin - 8,Jordi Masip,Relegated,La Liga,12,38.5,65.2,-26.6,-0.7,
18,,2022-2023,19.0,Espanyol,38.0,8.0,13.0,17.0,52.0,69.0,-17.0,37.0,0.97,21601.0,Joselu - 16,Fernando Pacheco,Relegated,La Liga,12,48.3,59.8,-11.5,-0.3,
19,,2022-2023,20.0,Elche,38.0,5.0,10.0,23.0,30.0,67.0,-37.0,25.0,0.66,19875.0,Lucas Boyé - 7,Édgar Badía,Relegated,La Liga,12,37.5,70.0,-32.6,-0.86,
0,,2023-2024,1.0,Real Madrid,33.0,26.0,6.0,1.0,71.0,22.0,49.0,84.0,2.55,72121.0,Jude Bellingham - 17,Andriy Lunin,,La Liga,12,60.5,29.7,30.7,0.93,W W W W W
1,,2023-2024,2.0,Girona,33.0,22.0,5.0,6.0,69.0,40.0,29.0,71.0,2.15,12471.0,Artem Dovbyk - 19,Paulo Gazzaniga,,La Liga,12,58.5,45.3,13.2,0.4,L W L W W
2,,2023-2024,3.0,Barcelona,32.0,21.0,7.0,4.0,64.0,37.0,27.0,70.0,2.19,40954.0,Robert Lewandowski - 13,Marc-André ter Stegen,,La Liga,12,66.5,33.4,33.1,1.03,W W W W L
3,,2023-2024,4.0,Atlético Madrid,33.0,20.0,4.0,9.0,62.0,39.0,23.0,64.0,1.94,58935.0,Álvaro Morata - 14,Jan Oblak,,La Liga,12,55.4,35.7,19.7,0.6,L W W L W
4,,2023-2024,5.0,Athletic Club,33.0,16.0,10.0,7.0,53.0,33.0,20.0,58.0,1.76,46244.0,Gorka Guruzeta - 14,Unai Simón,,La Liga,12,47.9,33.2,14.7,0.45,W L D D L
5,,2023-2024,6.0,Real Sociedad,33.0,13.0,12.0,8.0,46.0,35.0,11.0,51.0,1.55,32338.0,Mikel Oyarzabal - 9,Álex Remiro,,La Liga,12,41.3,33.9,7.4,0.22,W W D D L
6,,2023-2024,7.0,Betis,32.0,12.0,12.0,8.0,40.0,38.0,2.0,48.0,1.5,50718.0,Willian José - 10,Rui Silva,,La Liga,12,36.5,43.2,-6.8,-0.21,L L L W W
7,,2023-2024,8.0,Valencia,32.0,13.0,8.0,11.0,35.0,34.0,1.0,47.0,1.47,43847.0,Hugo Duro - 12,Giorgi Mamardashvili,,La Liga,12,32.8,38.7,-5.9,-0.19,L D W W L
8,,2023-2024,9.0,Getafe,33.0,10.0,13.0,10.0,41.0,45.0,-4.0,43.0,1.3,11434.0,Borja Mayoral - 15,David Soria,,La Liga,12,38.9,47.8,-8.8,-0.27,W L D D W
9,,2023-2024,10.0,Villarreal,32.0,11.0,9.0,12.0,51.0,55.0,-4.0,42.0,1.31,17799.0,Alexander Sørloth - 15,Filip Jørgensen,,La Liga,12,46.5,48.4,-2.0,-0.06,W W L D W
10,,2023-2024,11.0,Osasuna,32.0,11.0,6.0,15.0,37.0,46.0,-9.0,39.0,1.22,19989.0,Ante Budimir - 16,Sergio Herrera,,La Liga,12,34.8,40.6,-5.8,-0.18,L L W L L
11,,2023-2024,12.0,Alavés,33.0,10.0,8.0,15.0,31.0,38.0,-7.0,38.0,1.15,17283.0,Samuel Omorodion - 8,Antonio Sivera,,La Liga,12,38.8,38.1,0.6,0.02,L L L W W
12,,2023-2024,13.0,Sevilla,32.0,9.0,10.0,13.0,41.0,45.0,-4.0,37.0,1.16,35084.0,Youssef En-Nesyri - 12,Ørjan Nyland,,La Liga,12,36.5,45.2,-8.7,-0.27,D L W W W
13,,2023-2024,14.0,Las Palmas,33.0,10.0,7.0,16.0,30.0,41.0,-11.0,37.0,1.12,25301.0,Kirian Rodríguez - 6,Álvaro Vallés,,La Liga,12,28.4,51.1,-22.7,-0.69,L L L L L
14,,2023-2024,15.0,Rayo Vallecano,32.0,7.0,13.0,12.0,27.0,39.0,-12.0,34.0,1.06,12846.0,Álvaro García - 6,Stole Dimitrievski,,La Liga,12,34.6,38.1,-3.5,-0.11,L W D D W
15,,2023-2024,16.0,Mallorca,32.0,6.0,13.0,13.0,26.0,38.0,-12.0,31.0,0.97,17527.0,Abdón Prats - 6,Predrag Rajković,,La Liga,12,33.7,39.8,-6.1,-0.19,L W D L L
16,,2023-2024,17.0,Celta Vigo,33.0,7.0,10.0,16.0,37.0,50.0,-13.0,31.0,0.94,19876.0,Jørgen Strand Larsen - 11,Vicente Guaita,,La Liga,12,42.4,48.5,-6.1,-0.18,W D L W L
17,,2023-2024,18.0,Cádiz,32.0,4.0,13.0,15.0,22.0,45.0,-23.0,25.0,0.78,18037.0,Chris Ramos - 5,Jeremías Ledesma,,La Liga,12,29.2,43.9,-14.6,-0.46,W L W L L
18,,2023-2024,19.0,Granada,32.0,3.0,9.0,20.0,33.0,61.0,-28.0,18.0,0.56,16581.0,Myrto Uzuni - 10,André Ferreira,,La Liga,12,34.5,51.5,-17.0,-0.53,L L L W D
19,,2023-2024,20.0,Almería,33.0,1.0,11.0,21.0,32.0,67.0,-35.0,14.0,0.42,13051.0,Sergio Arribas - 6,Luís Maximiano,,La Liga,12,42.8,54.3,-11.5,-0.35,W L D L L
